Date,Ticker,TimeBarStart,FirstTradePrice,HighTradePrice,LowTradePrice,LastTradePrice,VolumeWeightPrice,Volume,TotalTrades
20200128,AAPL,04:00,312.60,312.60,311.10,311.20,311.486,1443,16
20200128,AAPL,04:01,311.01,311.07,310.43,310.43,310.57852,2627,31
20200128,AAPL,04:02,310.33,310.33,310.30,310.33,310.31814,253,7
20200128,AAPL,04:03,310.33,310.85,310.33,310.73,310.72091,220,3
20200128,AAPL,04:04,310.50,310.68,310.41,310.68,310.4295,240,6
20200128,AAPL,04:05,310.68,310.73,310.50,310.50,310.61512,1253,14
20200128,AAPL,04:06,310.53,310.70,309.85,309.85,310.18974,666,25
20200128,AAPL,04:07,309.80,310.11,309.80,310.10,310.0879,2139,22
20200128,AAPL,04:08,310.10,310.20,310.00,310.11,310.07688,170,5
20200128,AAPL,04:09,310.18,310.20,310.18,310.20,310.19759,83,3
20200128,AAPL,04:10,310.21,310.46,310.18,310.46,310.25346,153,5
20200128,AAPL,04:11,310.46,310.46,310.33,310.33,310.41661,436,13
20200128,AAPL,04:12,310.45,310.60,310.40,310.60,310.45322,752,12
20200128,AAPL,04:13,310.70,310.70,310.70,310.70,310.70,34,1
20200128,AAPL,04:14,310.70,310.85,310.60,310.60,310.61709,117,4
20200128,AAPL,04:15,310.89,310.95,310.84,310.95,310.88284,510,9
20200128,AAPL,04:16,310.93,310.93,310.93,310.93,310.93,100,1
20200128,AAPL,04:17,310.93,310.93,310.90,310.90,310.914,45,2
20200128,AAPL,04:18,310.95,310.96,310.95,310.96,310.9575,80,3
20200128,AAPL,04:19,310.98,311.06,310.98,311.06,310.99016,315,5
20200128,AAPL,04:20,310.98,310.98,310.98,310.98,310.98,10,1
20200128,AAPL,04:22,310.98,311.07,310.98,311.07,311.06246,211,4
20200128,AAPL,04:23,311.00,311.09,311.00,311.09,311.08571,42,2
20200128,AAPL,04:24,311.00,311.00,310.98,311.00,310.99829,164,5
20200128,AAPL,04:25,311.10,311.15,310.96,311.10,311.02838,717,8
20200128,AAPL,04:26,310.91,311.10,310.85,310.85,310.92811,249,8
20200128,AAPL,04:27,310.79,310.79,310.75,310.75,310.76448,192,4
20200128,AAPL,04:28,310.70,310.75,310.62,310.62,310.72244,205,5
20200128,AAPL,04:29,310.84,310.84,310.84,310.84,310.84,10,1
20200128,AAPL,04:30,310.95,310.95,310.95,310.95,310.95,90,2
20200128,AAPL,04:31,310.85,310.85,310.85,310.85,310.85,2,1
20200128,AAPL,04:32,310.92,311.03,310.92,311.03,310.93492,122,3
20200128,AAPL,04:33,311.15,311.28,311.15,311.28,311.254,35,2
20200128,AAPL,04:34,311.30,311.35,311.30,311.35,311.33187,353,7
20200128,AAPL,04:35,311.25,311.30,311.25,311.28,311.26715,249,4
20200128,AAPL,04:37,311.25,311.29,311.25,311.29,311.25667,120,3
20200128,AAPL,04:38,311.15,311.35,311.10,311.35,311.25405,1149,11
20200128,AAPL,04:40,311.33,311.33,311.33,311.33,311.33,48,1
20200128,AAPL,04:41,311.17,311.17,311.17,311.17,311.17,200,1
20200128,AAPL,04:42,311.32,311.49,311.32,311.49,311.34372,557,9
20200128,AAPL,04:43,311.49,311.70,311.39,311.70,311.52901,1010,14
20200128,AAPL,04:44,311.60,311.70,311.60,311.70,311.61176,17,2
20200128,AAPL,04:45,311.77,311.77,311.77,311.77,311.77,12,1
20200128,AAPL,04:47,311.70,311.75,311.53,311.75,311.65614,830,11
20200128,AAPL,04:48,311.68,311.68,311.54,311.54,311.55261,222,5
20200128,AAPL,04:49,311.53,311.68,311.53,311.68,311.555,180,3
20200128,AAPL,04:50,311.53,311.53,311.50,311.50,311.51442,654,7
20200128,AAPL,04:51,311.50,311.50,311.50,311.50,311.50,50,1
20200128,AAPL,04:52,311.50,311.50,311.50,311.50,311.50,6,1
20200128,AAPL,04:53,311.50,311.50,311.15,311.15,311.24211,38,2
20200128,AAPL,04:55,311.49,311.50,311.49,311.50,311.49972,71,4
20200128,AAPL,04:56,311.20,311.20,311.20,311.20,311.20,33,2
20200128,AAPL,04:57,311.20,311.20,311.20,311.20,311.20,567,3
20200128,AAPL,04:58,311.22,311.47,311.22,311.47,311.30333,150,2
20200128,AAPL,04:59,311.50,311.60,311.20,311.20,311.25681,1130,9
20200128,AAPL,05:00,311.41,311.60,311.41,311.60,311.44167,24,2
20200128,AAPL,05:01,311.58,311.58,311.58,311.58,311.58,110,2
20200128,AAPL,05:02,311.60,311.60,311.58,311.58,311.5801,201,5
20200128,AAPL,05:05,311.58,311.58,311.48,311.58,311.49477,88,6
20200128,AAPL,05:06,311.58,311.58,311.45,311.50,311.45832,358,6
20200128,AAPL,05:07,311.50,311.50,311.50,311.50,311.50,200,1
20200128,AAPL,05:08,311.50,311.50,311.50,311.50,311.50,500,1
20200128,AAPL,05:09,311.50,311.50,311.50,311.50,311.50,293,1
20200128,AAPL,05:11,311.58,311.60,311.35,311.35,311.4799,200,4
20200128,AAPL,05:12,311.60,311.74,311.60,311.74,311.73222,72,3
20200128,AAPL,05:13,311.52,311.59,311.35,311.50,311.47589,550,12
20200128,AAPL,05:14,311.49,311.55,311.49,311.55,311.51,300,5
20200128,AAPL,05:15,311.50,311.50,311.50,311.50,311.50,135,2
20200128,AAPL,05:17,311.60,311.60,311.60,311.60,311.60,32,1
20200128,AAPL,05:18,311.40,311.71,311.40,311.71,311.70153,1505,10
20200128,AAPL,05:23,311.70,311.70,311.70,311.70,311.70,70,1
20200128,AAPL,05:25,311.70,311.75,311.70,311.75,311.72,50,2
20200128,AAPL,05:26,311.68,311.68,311.49,311.49,311.49808,120,4
20200128,AAPL,05:27,311.49,311.68,311.48,311.48,311.62482,552,7
20200128,AAPL,05:31,311.26,311.45,311.23,311.45,311.27928,138,3
20200128,AAPL,05:32,311.45,311.50,311.43,311.50,311.48918,901,8
20200128,AAPL,05:34,311.49,311.49,311.26,311.26,311.33667,150,3
20200128,AAPL,05:35,311.49,311.50,311.26,311.26,311.42451,51,3
20200128,AAPL,05:38,311.47,311.50,311.47,311.50,311.48926,176,3
20200128,AAPL,05:39,311.50,311.50,311.50,311.50,311.50,100,1
20200128,AAPL,05:40,311.57,311.57,311.26,311.26,311.2755,60,2
20200128,AAPL,05:41,311.49,311.50,311.49,311.50,311.4998,204,3
20200128,AAPL,05:42,311.50,311.50,311.50,311.50,311.50,200,2
20200128,AAPL,05:43,311.50,311.50,311.50,311.50,311.50,31,2
20200128,AAPL,05:45,311.59,311.59,311.59,311.59,311.59,11,1
20200128,AAPL,05:48,311.60,311.68,311.60,311.60,311.60419,210,3
20200128,AAPL,05:49,311.59,311.67,311.59,311.67,311.6564,50,3
20200128,AAPL,05:50,311.68,311.68,311.67,311.67,311.6719,100,2
20200128,AAPL,05:52,311.65,311.65,311.50,311.50,311.56403,253,4
20200128,AAPL,05:54,311.50,311.50,311.50,311.50,311.50,675,13
20200128,AAPL,05:55,311.46,311.46,311.44,311.44,311.45714,7,2
20200128,AAPL,05:57,311.44,311.50,311.26,311.26,311.46901,293,5
20200128,AAPL,05:58,311.50,311.50,311.50,311.50,311.50,3,1
20200128,AAPL,06:00,311.49,311.49,311.40,311.40,311.475,6,2
20200128,AAPL,06:01,311.31,311.31,311.20,311.20,311.29337,457,10
20200128,AAPL,06:02,311.20,311.20,311.15,311.15,311.19861,1081,22
20200128,AAPL,06:04,311.10,311.44,311.01,311.44,311.02812,1022,14
20200128,AAPL,06:08,311.05,311.05,311.02,311.02,311.02336,134,3
20200128,AAPL,06:09,311.02,311.02,311.02,311.02,311.02,66,1
20200128,AAPL,06:10,311.05,311.05,311.05,311.05,311.05,6,1
20200128,AAPL,06:11,311.01,311.01,311.01,311.01,311.01,13,1
20200128,AAPL,06:12,311.01,311.28,311.00,311.00,311.05985,130,7
20200128,AAPL,06:13,311.00,311.00,311.00,311.00,311.00,145,5
20200128,AAPL,06:14,311.39,311.39,311.25,311.30,311.28907,108,4
20200128,AAPL,06:15,310.91,310.91,310.77,310.77,310.83023,600,13
20200128,AAPL,06:16,310.78,310.78,310.55,310.55,310.62662,1330,13
20200128,AAPL,06:18,310.65,311.00,310.56,310.56,310.78081,86,4
20200128,AAPL,06:22,310.97,310.97,310.97,310.97,310.97,25,1
20200128,AAPL,06:23,310.80,310.80,310.80,310.80,310.80,100,2
20200128,AAPL,06:27,310.99,311.17,310.99,311.17,311.155,60,2
20200128,AAPL,06:28,311.03,311.15,311.02,311.15,311.10473,275,4
20200128,AAPL,06:30,311.15,311.15,311.15,311.15,311.15,36,1
20200128,AAPL,06:31,311.10,311.10,311.10,311.10,311.10,500,4
20200128,AAPL,06:32,311.15,311.15,310.72,310.72,311.00156,1025,3
20200128,AAPL,06:35,310.97,310.97,310.97,310.97,310.97,3,1
20200128,AAPL,06:36,310.98,311.08,310.98,310.99,310.99175,1157,6
20200128,AAPL,06:38,310.99,310.99,310.99,310.99,310.99,2,1
20200128,AAPL,06:39,310.98,310.98,310.98,310.98,310.98,50,1
20200128,AAPL,06:41,310.98,310.99,310.98,310.98,310.98042,1200,4
20200128,AAPL,06:42,310.98,310.98,310.98,310.98,310.98,20,1
20200128,AAPL,06:43,310.98,310.98,310.98,310.98,310.98,4,1
20200128,AAPL,06:45,310.99,311.08,310.99,311.08,311.008,10,3
20200128,AAPL,06:46,311.17,311.28,311.08,311.24,311.19457,394,8
20200128,AAPL,06:47,311.30,311.30,311.28,311.30,311.291,280,6
20200128,AAPL,06:49,311.10,311.10,311.02,311.02,311.05349,700,7
20200128,AAPL,06:51,311.24,311.25,311.05,311.05,311.18,300,6
20200128,AAPL,06:52,311.25,311.50,311.25,311.30,311.31644,706,21
20200128,AAPL,06:53,311.48,311.50,311.45,311.50,311.48948,290,4
20200128,AAPL,06:54,311.59,311.59,311.59,311.59,311.59,10,1
20200128,AAPL,06:56,311.58,311.62,311.58,311.60,311.59648,728,7
20200128,AAPL,06:57,311.63,311.63,311.63,311.63,311.63,100,1
20200128,AAPL,06:58,311.79,311.82,311.78,311.82,311.79497,1005,9
20200128,AAPL,06:59,311.81,311.89,311.81,311.89,311.86893,1088,9
20200128,AAPL,07:00,311.86,311.95,311.62,311.81,311.7739,7440,84
20200128,AAPL,07:01,311.81,311.98,311.80,311.95,311.88142,5672,53
20200128,AAPL,07:02,311.94,312.10,311.88,312.10,311.97209,5906,61
20200128,AAPL,07:03,312.06,312.10,311.90,311.99,312.00225,3638,37
20200128,AAPL,07:04,312.00,312.00,311.90,311.99,311.97574,920,20
20200128,AAPL,07:05,311.99,312.00,311.86,311.90,311.91783,3245,34
20200128,AAPL,07:06,311.89,311.99,311.79,311.80,311.86495,2756,30
20200128,AAPL,07:07,311.79,311.80,311.67,311.80,311.75027,1674,21
20200128,AAPL,07:08,311.81,311.81,311.41,311.49,311.54432,14710,95
20200128,AAPL,07:09,311.46,311.48,311.22,311.40,311.29764,1586,29
20200128,AAPL,07:10,311.39,311.50,311.30,311.50,311.43138,1658,17
20200128,AAPL,07:11,311.51,311.69,311.50,311.60,311.52854,3286,23
20200128,AAPL,07:12,311.69,311.90,311.69,311.90,311.78089,1093,13
20200128,AAPL,07:13,311.95,312.13,311.95,312.12,312.05528,2034,29
20200128,AAPL,07:14,312.12,312.20,312.08,312.08,312.1375,3503,32
20200128,AAPL,07:15,312.20,312.29,312.14,312.21,312.213,3776,27
20200128,AAPL,07:16,312.20,312.21,312.10,312.15,312.16571,1327,21
20200128,AAPL,07:17,312.14,312.14,312.00,312.00,312.0657,3171,39
20200128,AAPL,07:18,312.00,312.07,311.96,312.01,312.00218,2453,35
20200128,AAPL,07:19,312.07,312.19,312.07,312.10,312.10141,333,7
20200128,AAPL,07:20,312.21,312.23,312.11,312.22,312.20811,1638,29
20200128,AAPL,07:21,312.15,312.20,312.13,312.20,312.1819,1150,20
20200128,AAPL,07:22,312.20,312.22,312.13,312.13,312.1643,793,12
20200128,AAPL,07:23,312.10,312.15,312.10,312.15,312.13,1700,9
20200128,AAPL,07:24,312.20,312.22,312.12,312.17,312.16483,1144,15
20200128,AAPL,07:25,312.17,312.17,312.11,312.13,312.13567,1538,17
20200128,AAPL,07:26,312.15,312.21,312.14,312.15,312.19818,3016,26
20200128,AAPL,07:27,312.21,312.22,312.20,312.22,312.21281,1421,11
20200128,AAPL,07:28,312.22,312.43,312.21,312.43,312.27672,3563,33
20200128,AAPL,07:29,312.37,312.55,312.37,312.55,312.50798,3586,41
20200128,AAPL,07:30,312.66,312.69,312.35,312.39,312.46444,3163,59
20200128,AAPL,07:31,312.43,312.45,312.35,312.45,312.3933,2212,25
20200128,AAPL,07:32,312.45,312.50,312.36,312.40,312.42058,1557,32
20200128,AAPL,07:33,312.49,312.67,312.44,312.55,312.50999,2166,28
20200128,AAPL,07:34,312.58,312.74,312.58,312.74,312.65737,2095,31
20200128,AAPL,07:35,312.74,312.90,312.70,312.88,312.82357,4900,55
20200128,AAPL,07:36,312.85,312.87,312.60,312.70,312.72616,5175,69
20200128,AAPL,07:37,312.74,312.85,312.70,312.70,312.75974,10775,60
20200128,AAPL,07:38,312.70,312.76,312.63,312.68,312.70326,4046,41
20200128,AAPL,07:39,312.69,312.84,312.69,312.77,312.72772,1319,20
20200128,AAPL,07:40,312.80,312.86,312.80,312.80,312.84589,4715,31
20200128,AAPL,07:41,312.84,312.85,312.63,312.64,312.76637,5641,39
20200128,AAPL,07:42,312.74,312.80,312.72,312.80,312.73639,1635,24
20200128,AAPL,07:43,312.73,312.74,312.45,312.49,312.55116,6815,53
20200128,AAPL,07:44,312.48,312.49,312.35,312.35,312.38859,1359,15
20200128,AAPL,07:45,312.35,312.35,312.25,312.25,312.30894,951,9
20200128,AAPL,07:46,312.34,312.47,312.34,312.46,312.38259,232,12
20200128,AAPL,07:47,312.50,312.50,312.48,312.50,312.494,430,10
20200128,AAPL,07:48,312.50,312.80,312.50,312.75,312.68381,3182,24
20200128,AAPL,07:49,312.81,312.85,312.65,312.78,312.79332,1447,17
20200128,AAPL,07:50,312.75,312.75,312.60,312.70,312.66474,1147,16
20200128,AAPL,07:51,312.70,312.71,312.60,312.60,312.69241,4122,45
20200128,AAPL,07:52,312.63,312.64,312.60,312.64,312.61011,1093,10
20200128,AAPL,07:53,312.64,312.70,312.60,312.70,312.6556,1518,17
20200128,AAPL,07:54,312.71,312.71,312.69,312.70,312.70273,359,9
20200128,AAPL,07:55,312.67,312.67,312.55,312.65,312.6245,2398,26
20200128,AAPL,07:56,312.53,312.60,312.45,312.60,312.5321,1545,21
20200128,AAPL,07:57,312.50,312.54,312.40,312.40,312.43834,730,16
20200128,AAPL,07:58,312.33,312.40,312.19,312.23,312.25303,2185,43
20200128,AAPL,07:59,312.23,312.31,312.10,312.30,312.18025,2098,38
20200128,AAPL,08:00,312.22,312.90,311.20,312.31,312.12151,91942,627
20200128,AAPL,08:01,312.3001,312.41,312.25,312.25,312.30817,10582,79
20200128,AAPL,08:02,312.26,312.40,312.10,312.13,312.18776,5890,75
20200128,AAPL,08:03,312.40,312.40,312.2170,312.33,312.32506,1520,22
20200128,AAPL,08:04,312.33,312.40,312.25,312.40,312.32721,5526,58
20200128,AAPL,08:05,312.37,312.46,312.37,312.4302,312.40194,2606,20
20200128,AAPL,08:06,312.4302,312.50,312.40,312.50,312.46153,1782,32
20200128,AAPL,08:07,312.50,312.52,312.42,312.45,312.49217,2386,30
20200128,AAPL,08:08,312.45,312.52,312.42,312.52,312.47583,2215,26
20200128,AAPL,08:09,312.5250,312.60,312.50,312.5999,312.5722,3465,39
20200128,AAPL,08:10,312.59,312.6199,312.50,312.57,312.56872,2648,38
20200128,AAPL,08:11,312.57,312.61,312.41,312.59,312.5164,4464,51
20200128,AAPL,08:12,312.50,312.59,312.48,312.55,312.52198,1700,16
20200128,AAPL,08:13,312.60,312.65,312.55,312.65,312.62912,2356,32
20200128,AAPL,08:14,312.65,312.80,312.65,312.70,312.71794,2862,30
20200128,AAPL,08:15,312.63,312.7249,312.27,312.30,312.48894,7629,71
20200128,AAPL,08:16,312.40,312.45,312.27,312.28,312.33957,3495,43
20200128,AAPL,08:17,312.35,312.40,312.18,312.38,312.36305,3192,49
20200128,AAPL,08:18,312.37,312.50,312.37,312.50,312.44309,2715,32
20200128,AAPL,08:19,312.58,312.60,312.52,312.52,312.54773,2596,23
20200128,AAPL,08:20,312.5301,312.5301,312.42,312.4290,312.47952,6365,43
20200128,AAPL,08:21,312.42,312.49,312.35,312.39,312.392,2699,32
20200128,AAPL,08:22,312.39,312.48,312.31,312.31,312.40438,3097,33
20200128,AAPL,08:23,312.25,312.66,312.25,312.48,312.42462,2565,37
20200128,AAPL,08:24,312.4999,312.60,312.40,312.46,312.48929,1248,28
20200128,AAPL,08:25,312.55,312.55,312.40,312.41,312.50424,697,28
20200128,AAPL,08:26,312.48,312.55,312.4128,312.55,312.48676,1352,20
20200128,AAPL,08:27,312.55,312.62,312.49,312.60,312.59691,828,20
20200128,AAPL,08:28,312.60,312.70,312.5324,312.6750,312.65223,2147,26
20200128,AAPL,08:29,312.6750,312.76,312.65,312.70,312.72291,3463,41
20200128,AAPL,08:30,312.70,312.85,312.63,312.8499,312.7931,5883,62
20200128,AAPL,08:31,312.75,312.80,312.70,312.70,312.74863,2983,27
20200128,AAPL,08:32,312.75,312.85,312.6999,312.80,312.74622,3216,38
20200128,AAPL,08:33,312.85,312.94,312.76,312.90,312.87842,3395,70
20200128,AAPL,08:34,312.87,312.91,312.80,312.91,312.88077,4626,34
20200128,AAPL,08:35,312.87,312.95,308.95,312.67,312.80866,6713,82
20200128,AAPL,08:36,312.75,312.85,312.56,312.61,312.65944,3970,65
20200128,AAPL,08:37,312.65,312.6999,312.55,312.59,312.61029,5949,64
20200128,AAPL,08:38,312.60,312.79,312.60,312.75,312.70814,7202,57
20200128,AAPL,08:39,312.71,312.75,312.65,312.65,312.66888,1452,23
20200128,AAPL,08:40,312.70,312.89,312.63,312.69,312.73128,3153,46
20200128,AAPL,08:41,312.69,312.75,312.6201,312.73,312.66916,1299,17
20200128,AAPL,08:42,312.75,312.80,312.70,312.80,312.74444,664,23
20200128,AAPL,08:43,312.80,312.80,312.70,312.75,312.75209,1551,28
20200128,AAPL,08:44,312.70,312.77,312.55,312.75,312.67235,9809,102
20200128,AAPL,08:45,312.75,312.79,312.65,312.75,312.76588,8561,65
20200128,AAPL,08:46,312.75,312.79,312.68,312.7501,312.76378,2693,37
20200128,AAPL,08:47,312.75,312.84,312.75,312.79,312.76553,2937,21
20200128,AAPL,08:48,312.85,312.85,312.58,312.73,312.71277,1704,43
20200128,AAPL,08:49,312.74,312.74,312.61,312.70,312.69831,220,10
20200128,AAPL,08:50,312.70,312.74,312.60,312.74,312.69988,2297,26
20200128,AAPL,08:51,312.71,312.75,312.68,312.73,312.72694,2651,45
20200128,AAPL,08:52,312.7299,312.7299,312.52,312.52,312.57303,3034,50
20200128,AAPL,08:53,312.52,312.65,312.47,312.55,312.51531,4062,61
20200128,AAPL,08:54,312.55,312.65,312.50,312.59,312.58536,1800,38
20200128,AAPL,08:55,312.59,312.65,312.52,312.60,312.59689,3366,36
20200128,AAPL,08:56,312.64,312.64,312.49,312.50,312.52426,705,26
20200128,AAPL,08:57,312.58,312.59,312.32,312.32,312.45393,7519,87
20200128,AAPL,08:58,312.38,312.40,312.30,312.40,312.3444,1375,32
20200128,AAPL,08:59,312.40,312.50,312.3107,312.42,312.40512,3627,84
20200128,AAPL,09:00,312.48,312.60,312.35,312.42,312.45802,2462,39
20200128,AAPL,09:01,312.42,312.8372,308.95,312.75,312.66751,4092,114
20200128,AAPL,09:02,312.75,312.75,308.95,312.69,312.64966,1260,60
20200128,AAPL,09:03,312.70,312.70,312.41,312.47,312.55049,4312,85
20200128,AAPL,09:04,312.43,312.59,312.36,312.50,312.46742,1490,48
20200128,AAPL,09:05,312.51,312.59,312.35,312.50,312.49034,3194,52
20200128,AAPL,09:06,312.49,312.60,312.42,312.60,312.48631,2471,63
20200128,AAPL,09:07,312.60,312.60,312.42,312.42,312.5142,2614,54
20200128,AAPL,09:08,312.48,312.50,312.21,312.28,312.26961,4186,87
20200128,AAPL,09:09,312.22,312.4479,312.21,312.39,312.29133,4253,64
20200128,AAPL,09:10,312.38,312.46,312.30,312.31,312.37135,4089,54
20200128,AAPL,09:11,312.4498,312.50,312.32,312.40,312.45589,1457,59
20200128,AAPL,09:12,312.48,312.60,312.40,312.58,312.56593,914,40
20200128,AAPL,09:13,312.60,312.60,312.35,312.49,312.45232,2779,64
20200128,AAPL,09:14,312.4502,312.50,312.35,312.45,312.43665,1322,48
20200128,AAPL,09:15,312.45,312.60,308.95,312.36,312.45923,11256,131
20200128,AAPL,09:16,312.49,312.54,312.20,312.25,312.30842,4652,111
20200128,AAPL,09:17,312.30,312.54,312.27,312.54,312.39542,4930,68
20200128,AAPL,09:18,312.54,312.59,312.41,312.45,312.49806,1947,65
20200128,AAPL,09:19,312.45,312.69,312.37,312.61,312.55122,7151,110
20200128,AAPL,09:20,312.61,312.71,312.50,312.60,312.62469,2854,52
20200128,AAPL,09:21,312.51,312.78,312.50,312.71,312.70054,3767,56
20200128,AAPL,09:22,312.71,312.75,312.54,312.54,312.67959,3312,80
20200128,AAPL,09:23,312.65,312.69,312.55,312.65,312.58158,2690,47
20200128,AAPL,09:24,312.60,312.74,312.56,312.70,312.63479,3317,62
20200128,AAPL,09:25,312.74,312.74,312.60,312.69,312.67233,1184,41
20200128,AAPL,09:26,312.69,312.70,312.56,312.60,312.60736,2189,41
20200128,AAPL,09:27,312.60,312.64,312.40,312.48,312.54985,4220,77
20200128,AAPL,09:28,312.45,312.73,312.40,312.62,312.56328,1385,44
20200128,AAPL,09:29,312.64,312.66,312.30,312.38,312.49302,2722,61
20200128,AAPL,09:30,312.38,312.93,312.33,312.85,312.5619,785594,3029
20200128,AAPL,09:31,312.87,312.92,312.1806,312.39,312.52706,209850,2466
20200128,AAPL,09:32,312.3650,313.24,312.30,313.2136,312.82281,220340,2492
20200128,AAPL,09:33,313.21,314.00,312.50,313.97,313.65868,308824,2956
20200128,AAPL,09:34,313.9836,314.03,312.50,313.32,313.73172,289758,2835
20200128,AAPL,09:35,313.3450,313.85,312.50,313.50,313.48894,164588,1761
20200128,AAPL,09:36,313.48,313.85,312.50,313.51,313.56461,165866,1583
20200128,AAPL,09:37,313.48,313.49,313.25,313.4124,313.37424,137191,1437
20200128,AAPL,09:38,313.4134,313.42,312.8750,312.95,313.14168,176091,1814
20200128,AAPL,09:39,312.96,313.25,312.91,313.2054,313.1239,121639,1276
20200128,AAPL,09:40,313.21,313.29,312.90,313.2001,313.10524,139052,1351
20200128,AAPL,09:41,313.21,313.30,312.92,313.0691,313.1496,134734,1276
20200128,AAPL,09:42,313.05,313.19,312.81,313.18,312.9687,123873,1323
20200128,AAPL,09:43,313.1796,313.58,313.17,313.34,313.35556,146690,1497
20200128,AAPL,09:44,313.3669,313.54,313.25,313.52,313.35965,98275,1092
20200128,AAPL,09:45,313.51,313.53,312.81,312.83,313.0693,121513,1307
20200128,AAPL,09:46,312.83,312.99,312.66,312.87,312.80684,141358,1555
20200128,AAPL,09:47,312.86,313.22,312.77,313.1850,313.05654,104481,1156
20200128,AAPL,09:48,313.18,313.27,312.9065,313.2520,313.13141,89930,935
20200128,AAPL,09:49,313.26,313.3790,313.03,313.2329,313.21335,98276,1007
20200128,AAPL,09:50,313.22,313.37,313.03,313.0743,313.21437,96367,1072
20200128,AAPL,09:51,313.0950,313.38,313.05,313.3681,313.26918,99211,997
20200128,AAPL,09:52,313.3650,313.45,313.12,313.1296,313.30181,103612,1072
20200128,AAPL,09:53,313.1350,313.32,313.01,313.1850,313.12955,105502,923
20200128,AAPL,09:54,313.19,313.40,313.14,313.3904,313.26983,99171,1030
20200128,AAPL,09:55,313.3877,313.65,313.35,313.39,313.50658,120228,1271
20200128,AAPL,09:56,313.42,313.62,313.12,313.14,313.38123,88805,952
20200128,AAPL,09:57,313.13,313.33,313.04,313.05,313.18967,97987,937
20200128,AAPL,09:58,313.04,313.06,312.60,312.6346,312.83647,165955,1636
20200128,AAPL,09:59,312.66,313.04,312.6191,312.97,312.90139,129926,1038
20200128,AAPL,10:00,313.00,313.42,312.96,313.10,313.15934,137514,1225
20200128,AAPL,10:01,313.10,313.40,312.92,312.9654,313.18594,86539,890
20200128,AAPL,10:02,312.95,313.0375,312.76,312.84,312.91075,64356,714
20200128,AAPL,10:03,312.84,313.0999,312.6192,312.64,312.84778,77479,865
20200128,AAPL,10:04,312.6499,312.68,312.42,312.65,312.56289,114444,1228
20200128,AAPL,10:05,312.68,312.8309,312.6398,312.79,312.73911,93832,938
20200128,AAPL,10:06,312.7831,312.81,312.61,312.7748,312.75301,59879,628
20200128,AAPL,10:07,312.78,312.91,312.58,312.87,312.7215,89086,818
20200128,AAPL,10:08,312.86,312.94,312.75,312.91,312.85527,56166,572
20200128,AAPL,10:09,312.8961,312.93,312.70,312.86,312.83237,66461,825
20200128,AAPL,10:10,312.8581,312.9090,312.66,312.86,312.78624,88278,874
20200128,AAPL,10:11,312.86,312.90,312.70,312.84,312.81027,49064,640
20200128,AAPL,10:12,312.8408,313.11,312.76,312.9050,312.93295,127247,1278
20200128,AAPL,10:13,312.9197,313.1221,312.87,312.9999,312.98921,71935,713
20200128,AAPL,10:14,313.00,313.23,312.9853,313.1329,313.13723,76857,817
20200128,AAPL,10:15,313.14,313.32,313.14,313.2331,313.23877,128794,976
20200128,AAPL,10:16,313.24,313.30,312.90,312.9463,313.12382,76627,910
20200128,AAPL,10:17,312.9450,313.1150,312.88,313.0242,313.01333,68059,697
20200128,AAPL,10:18,313.03,313.19,313.02,313.08,313.12325,50473,569
20200128,AAPL,10:19,313.0927,313.13,312.90,312.9917,312.98132,91179,650
20200128,AAPL,10:20,312.99,313.0998,312.80,312.90,312.96905,78744,772
20200128,AAPL,10:21,312.9099,313.00,312.81,312.8568,312.90815,46990,502
20200128,AAPL,10:22,312.8599,312.9881,312.51,312.6022,312.70229,91296,984
20200128,AAPL,10:23,312.61,312.88,312.61,312.87,312.76581,53452,558
20200128,AAPL,10:24,312.8729,313.30,312.87,313.2898,313.09833,113872,982
20200128,AAPL,10:25,313.27,313.64,313.0122,313.58,313.39191,167713,1271
20200128,AAPL,10:26,313.6001,313.63,313.38,313.4702,313.48821,78769,735
20200128,AAPL,10:27,313.48,313.5799,313.38,313.5059,313.47487,62048,487
20200128,AAPL,10:28,313.5050,313.72,313.42,313.64,313.58661,56759,632
20200128,AAPL,10:29,313.64,313.72,313.4781,313.57,313.59965,75832,752
20200128,AAPL,10:30,313.58,313.88,313.0650,313.8198,313.70563,119047,936
20200128,AAPL,10:31,313.8150,314.17,313.80,314.08,314.01029,217133,1654
20200128,AAPL,10:32,314.08,314.16,313.95,313.9703,314.06283,77622,780
20200128,AAPL,10:33,313.98,314.20,313.93,314.1101,314.11353,103182,916
20200128,AAPL,10:34,314.15,314.41,314.13,314.41,314.29063,122857,939
20200128,AAPL,10:35,314.4045,314.47,308.95,314.3951,314.38276,84714,896
20200128,AAPL,10:36,314.40,314.45,308.95,314.3758,314.39726,66409,623
20200128,AAPL,10:37,314.3655,314.43,314.23,314.2450,314.3316,69540,707
20200128,AAPL,10:38,314.25,314.54,314.23,314.54,314.4194,108347,979
20200128,AAPL,10:39,314.5035,314.6366,314.37,314.54,314.51029,125580,930
20200128,AAPL,10:40,314.52,314.7299,314.50,314.5401,314.60624,94289,790
20200128,AAPL,10:41,314.5388,314.75,314.1292,314.70,314.38126,169837,947
20200128,AAPL,10:42,314.73,314.91,314.5850,314.90,314.79714,116054,938
20200128,AAPL,10:43,314.89,315.00,314.5825,314.97,314.91138,110304,937
20200128,AAPL,10:44,314.97,315.04,314.73,314.94,314.93115,153164,1356
20200128,AAPL,10:45,314.9253,315.0250,314.82,314.83,314.9379,81860,759
20200128,AAPL,10:46,314.84,314.84,314.5338,314.6650,314.72644,104265,996
20200128,AAPL,10:47,314.6663,314.8618,314.65,314.7950,314.73194,93306,767
20200128,AAPL,10:48,314.80,314.80,314.61,314.6850,314.70876,67405,654
20200128,AAPL,10:49,314.6890,314.92,314.66,314.92,314.83212,77239,745
20200128,AAPL,10:50,314.91,315.41,314.9025,315.32,315.1815,215417,1818
20200128,AAPL,10:51,315.32,315.52,315.31,315.50,315.43004,169507,1472
20200128,AAPL,10:52,315.49,315.67,315.36,315.4134,315.48526,148116,1201
20200128,AAPL,10:53,315.41,315.49,315.30,315.42,315.39265,112539,916
20200128,AAPL,10:54,315.4149,315.4650,315.2201,315.4433,315.34802,78083,737
20200128,AAPL,10:55,315.44,315.55,315.27,315.3225,315.40987,85864,789
20200128,AAPL,10:56,315.34,315.4399,315.22,315.3222,315.32516,70642,692
20200128,AAPL,10:57,315.31,315.45,315.23,315.4250,315.3096,71643,677
20200128,AAPL,10:58,315.43,315.7298,315.38,315.66,315.54553,141912,1013
20200128,AAPL,10:59,315.65,315.84,315.4319,315.8127,315.74068,108609,890
20200128,AAPL,11:00,315.8163,315.89,315.65,315.7150,315.75546,114488,943
20200128,AAPL,11:01,315.7150,315.74,308.95,315.5397,315.51604,133672,1287
20200128,AAPL,11:02,315.52,315.56,315.26,315.42,315.37622,93385,824
20200128,AAPL,11:03,315.4175,315.52,315.31,315.3650,315.43121,81164,820
20200128,AAPL,11:04,315.3899,315.4099,315.13,315.2624,315.25386,115528,983
20200128,AAPL,11:05,315.27,315.49,315.21,315.41,315.35977,79578,789
20200128,AAPL,11:06,315.4050,315.73,315.35,315.7085,315.58379,89809,788
20200128,AAPL,11:07,315.70,315.73,315.30,315.3601,315.45447,81405,743
20200128,AAPL,11:08,315.3750,315.4055,315.20,315.2293,315.2945,51132,580
20200128,AAPL,11:09,315.2365,315.37,315.14,315.2801,315.21478,61271,586
20200128,AAPL,11:10,315.2801,315.4199,315.19,315.3450,315.30348,58900,607
20200128,AAPL,11:11,315.3573,315.3799,315.11,315.1843,315.20647,52204,563
20200128,AAPL,11:12,315.18,315.20,315.01,315.12,315.09955,76272,682
20200128,AAPL,11:13,315.12,315.23,315.00,315.20,315.12927,64520,559
20200128,AAPL,11:14,315.2223,315.32,315.14,315.20,315.21958,63876,632
20200128,AAPL,11:15,315.1928,315.23,315.00,315.20,315.11088,68595,681
20200128,AAPL,11:16,315.20,315.58,315.12,315.5119,315.37096,108731,779
20200128,AAPL,11:17,315.5278,315.64,315.45,315.6129,315.53955,71870,563
20200128,AAPL,11:18,315.6217,315.63,315.4973,315.63,315.54769,75784,598
20200128,AAPL,11:19,315.65,315.96,315.3866,315.8844,315.80762,126709,1110
20200128,AAPL,11:20,315.8750,315.99,315.72,315.9710,315.86533,87199,718
20200128,AAPL,11:21,315.9801,315.99,315.74,315.9050,315.864,43068,507
20200128,AAPL,11:22,315.9132,315.92,315.45,315.83,315.72092,87259,1029
20200128,AAPL,11:23,315.85,315.9196,315.4946,315.7410,315.70917,83007,581
20200128,AAPL,11:24,315.79,316.10,315.70,316.0770,315.98157,119087,1136
20200128,AAPL,11:25,316.0893,316.10,315.85,316.03,315.98723,75472,663
20200128,AAPL,11:26,316.06,316.22,315.2699,316.03,316.1158,79336,803
20200128,AAPL,11:27,316.0198,316.10,315.9638,316.0609,316.04298,45601,485
20200128,AAPL,11:28,316.07,316.09,315.76,315.8967,315.89238,87040,731
20200128,AAPL,11:29,315.88,316.00,315.88,315.9578,315.93617,49508,494
20200128,AAPL,11:30,315.97,316.00,315.85,315.96,315.94303,38808,462
20200128,AAPL,11:31,315.9510,316.10,315.2938,316.0995,315.92029,62756,531
20200128,AAPL,11:32,316.10,316.24,316.0533,316.14,316.17791,73025,730
20200128,AAPL,11:33,316.15,316.1793,316.05,316.0850,316.10797,37328,478
20200128,AAPL,11:34,316.08,316.13,315.93,316.12,316.01167,50994,548
20200128,AAPL,11:35,316.10,316.10,315.82,315.86,315.94081,43807,523
20200128,AAPL,11:36,315.88,315.93,315.78,315.88,315.86172,41879,483
20200128,AAPL,11:37,315.88,316.06,315.8610,316.0061,315.97427,49921,487
20200128,AAPL,11:38,316.00,316.00,315.81,315.8950,315.8818,38952,484
20200128,AAPL,11:39,315.89,315.99,315.8557,315.9202,315.9207,27220,361
20200128,AAPL,11:40,315.93,316.07,308.95,316.0606,316.00645,39408,461
20200128,AAPL,11:41,316.08,316.13,308.95,316.00,316.07336,43016,480
20200128,AAPL,11:42,315.9804,316.01,315.85,315.95,315.92271,34742,426
20200128,AAPL,11:43,315.95,315.9933,315.8401,315.94,315.9214,25924,348
20200128,AAPL,11:44,315.9393,315.9899,315.83,315.8450,315.93935,30759,366
20200128,AAPL,11:45,315.83,315.96,315.73,315.8193,315.82737,42329,511
20200128,AAPL,11:46,315.8255,315.8255,315.70,315.70,315.7442,67101,475
20200128,AAPL,11:47,315.7079,315.79,315.61,315.78,315.70178,57600,559
20200128,AAPL,11:48,315.7730,315.97,315.77,315.9642,315.86505,49615,455
20200128,AAPL,11:49,315.98,316.18,315.7699,316.1350,316.06588,69716,669
20200128,AAPL,11:50,316.1301,316.53,316.1301,316.4562,316.39575,151980,1280
20200128,AAPL,11:51,316.46,316.65,316.45,316.52,316.56619,112073,788
20200128,AAPL,11:52,316.5273,316.5696,316.44,316.4550,316.4982,57571,503
20200128,AAPL,11:53,316.46,316.48,316.38,316.4201,316.43376,43898,442
20200128,AAPL,11:54,316.4442,316.7515,316.42,316.72,316.57118,91175,780
20200128,AAPL,11:55,316.68,316.78,316.53,316.63,316.65362,60902,572
20200128,AAPL,11:56,316.6299,316.67,316.45,316.4548,316.55354,41262,442
20200128,AAPL,11:57,316.47,316.60,316.3701,316.5920,316.46933,49678,529
20200128,AAPL,11:58,316.59,316.68,316.52,316.5950,316.58079,41676,441
20200128,AAPL,11:59,316.60,316.71,316.51,316.5324,316.59753,41475,444
20200128,AAPL,12:00,316.5599,316.58,316.45,316.4650,316.50515,39038,440
20200128,AAPL,12:01,316.4650,316.5588,309.00,316.4025,316.4029,49497,493
20200128,AAPL,12:02,316.4209,316.49,310.00,316.4621,316.3849,38116,391
20200128,AAPL,12:03,316.4650,316.50,316.38,316.4399,316.45233,42070,414
20200128,AAPL,12:04,316.4399,316.48,316.3658,316.4450,316.42303,40170,399
20200128,AAPL,12:05,316.45,316.75,316.45,316.71,316.6089,69073,586
20200128,AAPL,12:06,316.7210,316.73,316.47,316.50,316.58902,43458,390
20200128,AAPL,12:07,316.48,316.68,316.46,316.6199,316.57448,29214,383
20200128,AAPL,12:08,316.63,316.67,316.5564,316.6374,316.60649,28152,264
20200128,AAPL,12:09,316.65,316.7294,316.5301,316.6154,316.6379,47013,410
20200128,AAPL,12:10,316.62,316.8699,316.6150,316.7455,316.76686,69919,607
20200128,AAPL,12:11,316.7318,316.83,316.69,316.7618,316.74458,42293,449
20200128,AAPL,12:12,316.77,316.94,316.77,316.91,316.85836,71473,506
20200128,AAPL,12:13,316.8801,316.92,316.8199,316.8199,316.86231,53190,520
20200128,AAPL,12:14,316.8372,316.85,316.7501,316.7501,316.80952,27706,360
20200128,AAPL,12:15,316.75,316.78,316.50,316.5175,316.5821,82654,744
20200128,AAPL,12:16,316.5209,316.75,316.51,316.6818,316.64586,49373,469
20200128,AAPL,12:17,316.6969,316.75,316.60,316.6457,316.67611,35197,368
20200128,AAPL,12:18,316.6416,316.7199,316.5404,316.70,316.62217,34836,424
20200128,AAPL,12:19,316.71,316.81,316.64,316.6518,316.74719,60220,482
20200128,AAPL,12:20,316.66,316.73,316.53,316.69,316.63033,57907,537
20200128,AAPL,12:21,316.6989,316.7348,316.52,316.5616,316.60009,48835,430
20200128,AAPL,12:22,316.5503,316.68,316.48,316.62,316.59291,53470,598
20200128,AAPL,12:23,316.6282,316.69,316.54,316.63,316.60259,30570,364
20200128,AAPL,12:24,316.64,316.78,316.64,316.68,316.73056,46763,367
20200128,AAPL,12:25,316.71,316.81,316.6328,316.81,316.74215,30059,347
20200128,AAPL,12:26,316.8019,316.9099,316.70,316.85,316.82052,57653,494
20200128,AAPL,12:27,316.8403,316.94,316.73,316.78,316.85425,59941,503
20200128,AAPL,12:28,316.7876,316.82,316.71,316.7621,316.75788,27250,336
20200128,AAPL,12:29,316.7707,316.85,316.75,316.7701,316.80088,29255,366
20200128,AAPL,12:30,316.7869,316.81,316.70,316.7499,316.76058,26460,394
20200128,AAPL,12:31,316.74,316.79,316.68,316.7782,316.73947,25802,342
20200128,AAPL,12:32,316.7682,317.0791,316.7682,317.0769,316.97123,119177,1042
20200128,AAPL,12:33,317.05,317.16,316.99,317.0850,317.07588,67369,506
20200128,AAPL,12:34,317.0885,317.18,317.01,317.0450,317.11262,72315,634
20200128,AAPL,12:35,317.04,317.15,316.8308,316.9250,317.01855,61616,528
20200128,AAPL,12:36,316.9226,317.00,316.90,316.9474,316.9534,32372,380
20200128,AAPL,12:37,316.9318,316.98,316.85,316.95,316.91838,38144,373
20200128,AAPL,12:38,316.94,317.0548,316.82,316.8501,316.9444,28384,378
20200128,AAPL,12:39,316.85,316.90,316.78,316.83,316.85971,38995,402
20200128,AAPL,12:40,316.82,316.90,316.75,316.78,316.81157,39646,487
20200128,AAPL,12:41,316.79,316.8310,316.6893,316.8310,316.74175,41463,472
20200128,AAPL,12:42,316.84,316.87,316.70,316.7392,316.79072,36609,395
20200128,AAPL,12:43,316.74,316.82,316.71,316.7433,316.76501,30100,339
20200128,AAPL,12:44,316.7495,316.83,316.72,316.7297,316.76969,27455,299
20200128,AAPL,12:45,316.7349,316.74,316.5518,316.67,316.66315,77164,732
20200128,AAPL,12:46,316.6750,316.72,316.62,316.66,316.67398,47596,474
20200128,AAPL,12:47,316.6659,316.69,316.53,316.5582,316.59595,26139,394
20200128,AAPL,12:48,316.55,316.57,316.22,316.3037,316.37316,110751,1024
20200128,AAPL,12:49,316.32,316.32,316.10,316.12,316.17844,72530,623
20200128,AAPL,12:50,316.1312,316.25,316.10,316.12,316.17639,75357,610
20200128,AAPL,12:51,316.12,316.2368,316.01,316.20,316.11253,73618,633
20200128,AAPL,12:52,316.2198,316.4007,316.1829,316.3644,316.28753,66205,529
20200128,AAPL,12:53,316.3721,316.60,316.35,316.59,316.47369,64546,497
20200128,AAPL,12:54,316.6050,316.69,316.4056,316.4442,316.57973,81731,569
20200128,AAPL,12:55,316.45,316.70,316.40,316.6222,316.55745,56453,406
20200128,AAPL,12:56,316.6155,316.66,316.52,316.6562,316.60307,38037,338
20200128,AAPL,12:57,316.66,316.76,316.56,316.6381,316.66566,47384,408
20200128,AAPL,12:58,316.64,316.6849,316.51,316.5406,316.5668,26119,321
20200128,AAPL,12:59,316.5562,316.74,316.47,316.6895,316.59302,44522,475
20200128,AAPL,13:00,316.71,316.75,316.5559,316.61,316.67341,36167,360
20200128,AAPL,13:01,316.6225,316.80,316.52,316.5696,316.59983,34378,340
20200128,AAPL,13:02,316.57,316.5769,316.45,316.4751,316.51192,49546,388
20200128,AAPL,13:03,316.4888,316.50,316.32,316.33,316.39064,51454,456
20200128,AAPL,13:04,316.3450,316.40,316.22,316.27,316.29856,50521,496
20200128,AAPL,13:05,316.25,316.38,316.2301,316.2602,316.30871,45205,404
20200128,AAPL,13:06,316.2810,316.33,316.11,316.2522,316.20031,81140,574
20200128,AAPL,13:07,316.2401,316.4099,316.21,316.3517,316.3215,59949,383
20200128,AAPL,13:08,316.3644,316.43,316.27,316.3450,316.35734,38573,332
20200128,AAPL,13:09,316.33,316.4775,316.2993,316.38,316.38482,38861,351
20200128,AAPL,13:10,316.3701,316.40,316.26,316.3097,316.32302,45081,369
20200128,AAPL,13:11,316.2821,316.45,316.2401,316.43,316.34564,28490,278
20200128,AAPL,13:12,316.4201,316.5725,316.3613,316.55,316.46721,41797,384
20200128,AAPL,13:13,316.5644,316.58,316.4519,316.55,316.54776,43561,422
20200128,AAPL,13:14,316.5487,316.65,316.3776,316.6050,316.51613,52529,281
20200128,AAPL,13:15,316.6167,316.6199,316.45,316.4755,316.53341,30642,308
20200128,AAPL,13:16,316.4757,316.5801,316.3916,316.4412,316.47078,32297,309
20200128,AAPL,13:17,316.44,316.48,316.34,316.41,316.41382,21602,263
20200128,AAPL,13:18,316.4350,316.46,316.30,316.4450,316.38029,29915,318
20200128,AAPL,13:19,316.44,316.5159,316.41,316.43,316.47685,42417,333
20200128,AAPL,13:20,316.4322,316.50,316.23,316.2797,316.3783,37906,385
20200128,AAPL,13:21,316.2893,316.46,316.25,316.4088,316.37863,42168,266
20200128,AAPL,13:22,316.4118,316.5550,316.40,316.5480,316.48561,36622,350
20200128,AAPL,13:23,316.56,316.61,316.4501,316.5295,316.5705,28306,304
20200128,AAPL,13:24,316.5246,316.56,316.45,316.4847,316.48744,28340,265
20200128,AAPL,13:25,316.50,316.70,316.50,316.66,316.60845,44268,325
20200128,AAPL,13:26,316.6623,316.70,316.56,316.57,316.62812,36592,340
20200128,AAPL,13:27,316.5693,316.60,316.50,316.5125,316.56364,20307,264
20200128,AAPL,13:28,316.5213,316.56,316.42,316.5409,316.50199,37381,363
20200128,AAPL,13:29,316.5369,316.59,316.48,316.5705,316.53145,26700,244
20200128,AAPL,13:30,316.59,316.6751,316.50,316.5001,316.57721,25179,296
20200128,AAPL,13:31,316.50,316.55,316.45,316.5448,316.49378,24811,331
20200128,AAPL,13:32,316.53,316.79,316.53,316.7750,316.68489,37514,421
20200128,AAPL,13:33,316.7764,316.85,316.7271,316.81,316.78747,46927,522
20200128,AAPL,13:34,316.82,316.86,316.57,316.64,316.74672,66007,581
20200128,AAPL,13:35,316.6355,316.66,316.39,316.45,316.48963,37149,467
20200128,AAPL,13:36,316.4550,316.54,316.29,316.3982,316.39023,44613,401
20200128,AAPL,13:37,316.39,316.39,316.12,316.19,316.24221,64320,547
20200128,AAPL,13:38,316.16,316.2681,316.1340,316.16,316.18429,32004,368
20200128,AAPL,13:39,316.15,316.53,316.13,316.2419,316.21672,73358,570
20200128,AAPL,13:40,316.24,316.33,316.22,316.2637,316.27875,32891,302
20200128,AAPL,13:41,316.27,316.40,316.23,316.3263,316.32415,28358,304
20200128,AAPL,13:42,316.3118,316.33,316.23,316.32,316.28163,30885,317
20200128,AAPL,13:43,316.3386,316.42,316.29,316.4160,316.37158,32478,301
20200128,AAPL,13:44,316.41,316.45,316.27,316.38,316.3564,41033,371
20200128,AAPL,13:45,316.40,316.55,308.95,316.50,316.47393,50763,461
20200128,AAPL,13:46,316.49,316.56,316.42,316.4961,316.47767,30184,337
20200128,AAPL,13:47,316.50,316.54,316.43,316.5337,316.48808,38350,347
20200128,AAPL,13:48,316.5382,316.6368,316.47,316.6270,316.5443,27957,340
20200128,AAPL,13:49,316.6324,316.68,316.58,316.6361,316.63793,44528,399
20200128,AAPL,13:50,316.62,316.65,316.5745,316.6175,316.61448,21091,265
20200128,AAPL,13:51,316.62,316.70,316.53,316.6855,316.62176,29305,333
20200128,AAPL,13:52,316.6827,316.75,316.65,316.73,316.69976,25840,321
20200128,AAPL,13:53,316.7482,316.82,316.69,316.7599,316.76117,22799,280
20200128,AAPL,13:54,316.7550,316.82,316.6644,316.77,316.76209,25233,365
20200128,AAPL,13:55,316.7501,316.87,316.70,316.8231,316.7752,45412,355
20200128,AAPL,13:56,316.81,316.94,316.7588,316.90,316.87295,30374,358
20200128,AAPL,13:57,316.90,316.94,316.85,316.8548,316.89619,39194,437
20200128,AAPL,13:58,316.8580,316.87,316.80,316.8591,316.83878,23689,355
20200128,AAPL,13:59,316.84,316.92,316.7525,316.84,316.83374,42727,518
20200128,AAPL,14:00,316.84,316.96,308.95,316.93,316.92686,60407,443
20200128,AAPL,14:01,316.9350,316.99,316.89,316.89,316.95875,48515,519
20200128,AAPL,14:02,316.8799,316.92,316.80,316.9061,316.87215,57708,452
20200128,AAPL,14:03,316.90,316.98,316.85,316.9709,316.9241,51565,448
20200128,AAPL,14:04,316.9707,317.0976,308.95,317.05,317.01889,82600,925
20200128,AAPL,14:05,317.0461,317.06,308.95,317.0396,316.93808,40782,416
20200128,AAPL,14:06,317.0442,317.14,317.03,317.11,317.08296,38204,459
20200128,AAPL,14:07,317.09,317.1150,316.97,317.0191,317.04008,47791,501
20200128,AAPL,14:08,317.0194,317.08,317.00,317.0601,317.03833,21098,276
20200128,AAPL,14:09,317.0684,317.20,317.06,317.1363,317.12165,51217,541
20200128,AAPL,14:10,317.15,317.30,317.1075,317.2533,317.21848,64941,662
20200128,AAPL,14:11,317.25,317.29,317.1701,317.2109,317.23505,45132,493
20200128,AAPL,14:12,317.22,317.46,317.20,317.4301,317.35046,68817,743
20200128,AAPL,14:13,317.4349,317.48,317.34,317.4601,317.41337,56616,631
20200128,AAPL,14:14,317.47,317.49,317.38,317.4248,317.45335,79871,753
20200128,AAPL,14:15,317.44,317.47,317.26,317.2791,317.36572,57223,513
20200128,AAPL,14:16,317.26,317.38,317.21,317.38,317.2775,47619,512
20200128,AAPL,14:17,317.3899,317.47,317.3201,317.4448,317.3965,33634,411
20200128,AAPL,14:18,317.4350,317.60,317.4033,317.5250,317.53016,83781,783
20200128,AAPL,14:19,317.5101,317.58,317.45,317.50,317.522,69222,558
20200128,AAPL,14:20,317.5064,317.55,317.45,317.54,317.51795,29991,349
20200128,AAPL,14:21,317.5435,317.67,317.50,317.50,317.57533,45893,521
20200128,AAPL,14:22,317.5181,317.54,317.4201,317.4501,317.47944,56469,537
20200128,AAPL,14:23,317.4518,317.67,317.45,317.5094,317.56014,70847,617
20200128,AAPL,14:24,317.4990,317.52,317.43,317.4853,317.47238,44020,471
20200128,AAPL,14:25,317.47,317.5218,317.33,317.37,317.41322,45453,427
20200128,AAPL,14:26,317.39,317.42,317.32,317.33,317.36148,36957,388
20200128,AAPL,14:27,317.3505,317.38,317.21,317.2539,317.29008,53232,476
20200128,AAPL,14:28,317.25,317.31,317.21,317.28,317.25522,48777,482
20200128,AAPL,14:29,317.28,317.33,317.05,317.1161,317.20674,61199,519
20200128,AAPL,14:30,317.11,317.21,317.02,317.17,317.10784,52406,522
20200128,AAPL,14:31,317.1966,317.30,317.16,317.2501,317.24027,55857,480
20200128,AAPL,14:32,317.2649,317.40,317.18,317.3354,317.29944,57513,519
20200128,AAPL,14:33,317.33,317.39,317.21,317.38,317.29527,34967,459
20200128,AAPL,14:34,317.3895,317.40,317.3301,317.36,317.36356,30997,368
20200128,AAPL,14:35,317.3647,317.51,317.3101,317.42,317.39589,67716,658
20200128,AAPL,14:36,317.4299,317.57,317.39,317.4850,317.48333,67184,613
20200128,AAPL,14:37,317.4798,317.54,317.43,317.4501,317.48382,33329,389
20200128,AAPL,14:38,317.4794,317.52,317.42,317.48,317.46378,37457,408
20200128,AAPL,14:39,317.48,317.4961,317.37,317.39,317.42148,48283,487
20200128,AAPL,14:40,317.36,317.52,317.36,317.50,317.45513,41340,450
20200128,AAPL,14:41,317.5104,317.56,317.41,317.41,317.49145,48535,517
20200128,AAPL,14:42,317.4282,317.47,317.3720,317.4197,317.41739,28280,349
20200128,AAPL,14:43,317.41,317.4298,317.28,317.2966,317.33934,28791,370
20200128,AAPL,14:44,317.3180,317.4398,317.28,317.4299,317.34371,31369,408
20200128,AAPL,14:45,317.44,317.48,317.37,317.43,317.43295,36929,404
20200128,AAPL,14:46,317.43,317.55,317.3898,317.4597,317.47025,51784,496
20200128,AAPL,14:47,317.44,317.65,317.4333,317.61,317.57448,87589,699
20200128,AAPL,14:48,317.63,317.83,317.4826,317.7501,317.73413,109382,1078
20200128,AAPL,14:49,317.7782,317.82,317.6501,317.72,317.73213,53012,592
20200128,AAPL,14:50,317.72,317.84,317.70,317.7018,317.77785,53624,594
20200128,AAPL,14:51,317.7034,317.7298,317.5250,317.54,317.63159,74453,686
20200128,AAPL,14:52,317.56,317.64,317.53,317.6187,317.60673,51757,422
20200128,AAPL,14:53,317.6150,317.6355,317.53,317.6017,317.58483,44939,448
20200128,AAPL,14:54,317.6133,317.70,317.58,317.6747,317.64747,43152,497
20200128,AAPL,14:55,317.6882,317.83,317.67,317.82,317.77548,63386,621
20200128,AAPL,14:56,317.8101,317.99,317.7965,317.94,317.92736,71130,694
20200128,AAPL,14:57,317.92,318.18,317.8534,318.1086,318.05438,140357,1415
20200128,AAPL,14:58,318.1018,318.28,318.04,318.1304,318.17047,104468,852
20200128,AAPL,14:59,318.1348,318.3826,318.1348,318.35,318.25345,106359,931
20200128,AAPL,15:00,318.3201,318.40,318.11,318.2820,318.25427,125123,976
20200128,AAPL,15:01,318.2682,318.30,318.12,318.19,318.23179,61860,539
20200128,AAPL,15:02,318.1744,318.29,318.12,318.2191,318.21802,40910,466
20200128,AAPL,15:03,318.2070,318.28,318.10,318.15,318.17586,64732,651
20200128,AAPL,15:04,318.1403,318.28,318.06,318.17,318.16822,82389,808
20200128,AAPL,15:05,318.19,318.20,318.03,318.1409,318.11569,62205,633
20200128,AAPL,15:06,318.1391,318.23,318.05,318.05,318.17555,63627,535
20200128,AAPL,15:07,318.04,318.20,318.04,318.0855,318.13421,64576,526
20200128,AAPL,15:08,318.08,318.11,317.93,318.0110,318.01799,107942,907
20200128,AAPL,15:09,318.01,318.1106,317.90,317.95,317.94664,90017,654
20200128,AAPL,15:10,317.95,318.00,317.91,317.9881,317.96783,76711,604
20200128,AAPL,15:11,317.9876,318.0550,317.91,318.0298,317.98761,97172,677
20200128,AAPL,15:12,318.0349,318.18,309.00,318.1339,318.12224,69580,599
20200128,AAPL,15:13,318.15,318.17,318.03,318.1250,318.12354,59578,516
20200128,AAPL,15:14,318.1198,318.16,317.99,318.01,318.0705,58438,658
20200128,AAPL,15:15,318.00,318.05,317.91,317.99,317.98264,62671,619
20200128,AAPL,15:16,317.9719,318.00,317.71,317.7271,317.8554,83443,920
20200128,AAPL,15:17,317.7261,317.80,317.64,317.76,317.72716,71128,680
20200128,AAPL,15:18,317.77,317.88,317.73,317.7650,317.79875,63699,629
20200128,AAPL,15:19,317.78,317.8783,317.67,317.67,317.78085,71136,759
20200128,AAPL,15:20,317.6799,317.8375,317.64,317.82,317.72317,66712,669
20200128,AAPL,15:21,317.82,317.94,317.75,317.9346,317.84767,51587,568
20200128,AAPL,15:22,317.93,318.01,317.7816,317.9990,317.97279,88360,821
20200128,AAPL,15:23,317.9871,318.18,317.96,318.17,318.06112,115162,1024
20200128,AAPL,15:24,318.1702,318.20,317.9968,318.0891,318.07835,53457,529
20200128,AAPL,15:25,318.09,318.09,317.91,318.00,317.99323,59658,644
20200128,AAPL,15:26,317.99,318.02,317.79,317.9248,317.90981,75122,853
20200128,AAPL,15:27,317.9273,318.00,317.90,317.9758,317.95549,39397,431
20200128,AAPL,15:28,317.98,317.9898,317.90,317.9350,317.93913,40206,393
20200128,AAPL,15:29,317.95,318.03,317.87,317.9984,317.95354,66555,647
20200128,AAPL,15:30,317.99,318.02,317.84,317.9799,317.94022,65353,631
20200128,AAPL,15:31,317.9770,318.00,317.90,317.96,317.9595,64130,745
20200128,AAPL,15:32,317.98,318.06,317.9081,317.9173,318.00051,79985,744
20200128,AAPL,15:33,317.93,317.9635,317.73,317.8450,317.81405,82449,883
20200128,AAPL,15:34,317.83,317.8498,317.69,317.69,317.783,88973,709
20200128,AAPL,15:35,317.69,317.79,317.18,317.2595,317.5122,235261,1678
20200128,AAPL,15:36,317.2465,317.4366,317.13,317.29,317.28204,122272,973
20200128,AAPL,15:37,317.31,317.4399,317.26,317.3982,317.35109,98747,796
20200128,AAPL,15:38,317.40,317.42,317.23,317.3501,317.32138,95175,915
20200128,AAPL,15:39,317.3721,317.40,317.27,317.31,317.34553,87464,837
20200128,AAPL,15:40,317.32,318.00,317.3112,317.5250,317.48271,131506,1100
20200128,AAPL,15:41,317.52,317.68,317.52,317.5901,317.60134,134589,1096
20200128,AAPL,15:42,317.5901,317.6098,317.42,317.49,317.50178,118476,1162
20200128,AAPL,15:43,317.48,317.6482,317.45,317.58,317.55926,87765,875
20200128,AAPL,15:44,317.5801,317.70,317.4994,317.6617,317.60199,88177,1049
20200128,AAPL,15:45,317.6509,317.6699,317.55,317.60,317.5885,84142,835
20200128,AAPL,15:46,317.6028,317.61,317.50,317.56,317.53814,110601,1027
20200128,AAPL,15:47,317.57,317.80,317.57,317.7550,317.6844,116969,1071
20200128,AAPL,15:48,317.7550,317.76,317.60,317.6784,317.65851,106661,947
20200128,AAPL,15:49,317.69,317.76,317.62,317.7058,317.70452,113348,1170
20200128,AAPL,15:50,317.68,317.73,317.46,317.5399,317.56682,203724,1925
20200128,AAPL,15:51,317.5331,317.54,317.13,317.19,317.30965,182014,1637
20200128,AAPL,15:52,317.18,317.30,316.91,317.11,317.1215,285830,2247
20200128,AAPL,15:53,317.12,317.31,317.11,317.2827,317.19828,154080,1500
20200128,AAPL,15:54,317.29,317.50,317.13,317.46,317.30209,197844,1843
20200128,AAPL,15:55,317.4728,317.71,317.36,317.67,317.56401,254994,2308
20200128,AAPL,15:56,317.6728,317.79,317.61,317.7201,317.69784,181334,2016
20200128,AAPL,15:57,317.71,317.79,317.65,317.75,317.724,220068,2401
20200128,AAPL,15:58,317.75,317.9307,317.64,317.85,317.78063,288670,3077
20200128,AAPL,15:59,317.83,317.88,317.57,317.69,317.72884,490030,4252
20200128,AAPL,16:00,317.7250,317.81,317.57,317.79,317.69062,1738814,145
20200128,AAPL,16:01,317.61,318.18,317.60,318.05,317.85747,12028,140
20200128,AAPL,16:02,318.00,318.44,318.00,318.25,318.15999,17688,201
20200128,AAPL,16:03,318.25,318.44,318.24,318.35,318.34523,8985,147
20200128,AAPL,16:04,318.30,318.35,318.05,318.07,318.17681,10919,120
20200128,AAPL,16:05,318.15,318.20,318.00,318.06,318.0417,15896,156
20200128,AAPL,16:06,318.18,318.43,318.00,318.43,318.23792,15747,163
20200128,AAPL,16:07,318.43,318.80,317.69,318.60,318.34131,18808,166
20200128,AAPL,16:08,318.60,318.95,318.50,318.88,318.70792,15852,176
20200128,AAPL,16:09,318.93,318.94,318.52,318.60,318.70234,6689,119
20200128,AAPL,16:10,318.60,318.75,318.52,318.65,318.62872,3727,110
20200128,AAPL,16:11,318.7498,318.75,318.65,318.74,318.71219,4568,104
20200128,AAPL,16:12,318.74,318.95,318.65,318.70,318.78833,27653,170
20200128,AAPL,16:13,318.80,319.15,318.70,319.03,318.97226,11449,191
20200128,AAPL,16:14,319.03,319.22,318.77,318.90,318.99935,14741,174
20200128,AAPL,16:15,318.86,319.00,318.53,318.75,318.80849,6055,140
20200128,AAPL,16:16,318.75,318.75,316.95,318.62,317.69604,796040,112
20200128,AAPL,16:17,318.70,318.85,318.62,318.85,318.82313,31913,115
20200128,AAPL,16:18,318.84,319.00,318.65,319.00,318.78057,8977,119
20200128,AAPL,16:19,318.88,319.00,318.70,318.85,318.92796,5247,78
20200128,AAPL,16:20,318.85,318.90,318.61,318.65,318.69024,5478,82
20200128,AAPL,16:21,318.61,318.70,308.95,317.69,318.1103,11577,197
20200128,AAPL,16:22,317.69,318.00,317.46,317.99,317.78536,11196,156
20200128,AAPL,16:23,317.71,317.99,317.69,317.80,317.6935,142601,79
20200128,AAPL,16:24,317.80,318.00,317.69,317.86,317.76466,29154,102
20200128,AAPL,16:25,317.9250,318.00,317.50,317.71,317.73833,11501,153
20200128,AAPL,16:26,317.71,318.00,317.65,317.78,317.8184,15564,119
20200128,AAPL,16:27,317.80,317.80,317.70,317.80,317.77119,4152,95
20200128,AAPL,16:28,317.85,318.70,317.78,318.4002,318.10072,24126,169
20200128,AAPL,16:29,318.66,318.66,318.00,318.00,318.23159,8110,149
20200128,AAPL,16:30,318.45,326.50,318.45,322.72,322.29317,398404,3460
20200128,AAPL,16:31,322.50,326.75,322.14,326.6099,324.87285,500979,4217
20200128,AAPL,16:32,326.56,327.90,326.25,327.25,327.094,414924,4416
20200128,AAPL,16:33,327.25,327.50,325.50,326.50,326.4878,202957,2344
20200128,AAPL,16:34,326.35,326.80,325.55,325.72,326.11061,124784,1693
20200128,AAPL,16:35,325.72,325.91,325.14,325.89,325.48027,126151,1521
20200128,AAPL,16:36,325.88,326.85,325.87,326.01,326.42818,180322,1931
20200128,AAPL,16:37,326.01,326.39,325.56,325.94,326.00517,71738,874
20200128,AAPL,16:38,325.84,325.94,324.50,324.93,325.21868,112589,1310
20200128,AAPL,16:39,324.68,325.30,324.21,325.08,324.7673,105910,1205
20200128,AAPL,16:40,325.07,325.50,324.70,325.21,325.17471,67092,841
20200128,AAPL,16:41,325.28,325.50,317.69,325.00,325.16016,103595,1498
20200128,AAPL,16:42,325.00,325.35,324.00,324.82,324.79047,104102,1193
20200128,AAPL,16:43,324.82,324.92,324.00,324.67,324.61766,53634,654
20200128,AAPL,16:44,324.57,324.70,323.90,324.19,324.17121,129077,1311
20200128,AAPL,16:45,324.19,324.50,324.06,324.20,324.35111,93893,1102
20200128,AAPL,16:46,324.20,325.25,324.12,325.11,324.84733,185914,1492
20200128,AAPL,16:47,325.11,325.24,324.55,324.83,324.91093,73688,763
20200128,AAPL,16:48,324.87,324.91,324.30,324.50,324.63419,37320,556
20200128,AAPL,16:49,324.43,325.00,324.33,324.96,324.83587,86649,673
20200128,AAPL,16:50,324.91,325.00,324.51,324.90,324.87798,51835,563
20200128,AAPL,16:51,324.86,325.00,323.33,323.96,324.36592,117323,965
20200128,AAPL,16:52,323.67,323.98,322.80,322.83,323.31226,69483,760
20200128,AAPL,16:53,322.95,323.00,322.50,322.58,322.81125,64820,785
20200128,AAPL,16:54,322.69,322.80,309.24,321.82,322.28635,75024,856
20200128,AAPL,16:55,321.90,322.80,321.52,322.50,322.14075,85201,905
20200128,AAPL,16:56,322.49,322.56,321.75,321.79,322.09759,49357,566
20200128,AAPL,16:57,321.79,321.80,321.08,321.10,321.50395,54435,733
20200128,AAPL,16:58,321.24,321.55,320.89,321.11,321.17253,82468,813
20200128,AAPL,16:59,321.02,321.91,320.59,321.80,321.26745,70365,758
20200128,AAPL,17:00,321.60,322.15,321.1501,322.10,321.65398,42901,357
20200128,AAPL,17:01,322.15,322.22,317.69,321.78,317.86122,809036,432
20200128,AAPL,17:02,321.86,321.93,321.50,321.75,321.72087,20688,277
20200128,AAPL,17:03,321.76,323.32,321.50,323.00,322.4305,93211,731
20200128,AAPL,17:04,323.00,323.59,322.94,323.54,323.2946,66659,675
20200128,AAPL,17:05,323.56,323.63,322.96,323.14,323.26927,47119,610
20200128,AAPL,17:06,323.14,324.44,323.07,324.40,323.93589,65377,722
20200128,AAPL,17:07,324.40,324.80,324.39,324.80,324.5943,87136,834
20200128,AAPL,17:08,324.75,324.82,324.27,324.54,324.59996,75328,751
20200128,AAPL,17:09,324.59,324.70,324.00,324.10,324.2933,48903,572
20200128,AAPL,17:10,324.10,324.10,323.65,323.68,323.90386,41319,439
20200128,AAPL,17:11,323.68,323.91,323.51,323.66,323.71427,25128,292
20200128,AAPL,17:12,323.66,323.85,323.26,323.35,323.553,23446,267
20200128,AAPL,17:13,323.44,323.50,322.97,323.09,323.16962,46275,468
20200128,AAPL,17:14,323.0601,323.75,323.0601,323.60,323.44677,26031,388
20200128,AAPL,17:15,323.60,324.74,323.60,324.6499,324.24995,62016,556
20200128,AAPL,17:16,324.62,324.65,323.59,323.70,324.05915,20228,274
20200128,AAPL,17:17,323.62,324.00,323.60,323.71,323.83421,13481,159
20200128,AAPL,17:18,323.60,324.30,323.60,324.24,324.00606,25120,223
20200128,AAPL,17:19,324.24,324.39,323.90,324.04,324.1319,8335,160
20200128,AAPL,17:20,324.05,324.05,323.50,323.75,323.65865,26446,205
20200128,AAPL,17:21,323.58,323.72,323.28,323.28,323.44975,11749,162
20200128,AAPL,17:22,323.27,323.47,323.09,323.36,323.26764,15690,184
20200128,AAPL,17:23,323.40,323.60,323.30,323.50,323.46307,14943,117
20200128,AAPL,17:24,323.50,324.00,323.30,323.85,323.83216,18460,217
20200128,AAPL,17:25,323.86,324.00,323.54,323.67,323.93067,14554,197
20200128,AAPL,17:26,323.67,323.79,323.17,323.34,323.45285,12700,157
20200128,AAPL,17:27,323.31,323.39,323.10,323.30,323.21202,7945,124
20200128,AAPL,17:28,323.30,323.40,322.85,323.25,323.07322,17419,249
20200128,AAPL,17:29,323.30,323.40,323.00,323.05,323.15137,3659,78
20200128,AAPL,17:30,323.15,323.36,323.05,323.20,323.15576,7053,82
20200128,AAPL,17:31,323.36,323.39,323.15,323.31,323.22877,4551,73
20200128,AAPL,17:32,323.25,323.80,323.25,323.54,323.55361,15237,126
20200128,AAPL,17:33,323.60,323.60,323.15,323.32,323.44826,6321,75
20200128,AAPL,17:34,323.50,323.75,323.32,323.35,323.51136,11616,85
20200128,AAPL,17:35,323.50,323.70,323.40,323.69,323.59056,6609,63
20200128,AAPL,17:36,323.59,323.80,323.59,323.79,323.74206,7473,65
20200128,AAPL,17:37,323.50,323.75,323.50,323.60,323.66031,8336,79
20200128,AAPL,17:38,323.60,323.60,323.01,323.50,323.38189,10127,135
20200128,AAPL,17:39,323.50,323.55,323.10,323.35,323.27655,3896,84
20200128,AAPL,17:40,323.30,323.30,322.81,322.81,323.04579,10206,134
20200128,AAPL,17:41,322.85,323.09,322.76,322.80,322.94324,7350,111
20200128,AAPL,17:42,322.86,323.00,322.64,322.85,322.8408,6496,110
20200128,AAPL,17:43,322.75,322.89,322.65,322.84,322.77667,7136,92
20200128,AAPL,17:44,322.75,322.90,322.69,322.75,322.79684,5283,83
20200128,AAPL,17:45,322.75,322.98,322.70,322.95,322.87514,1676,58
20200128,AAPL,17:46,322.95,323.00,322.72,322.72,322.83118,10857,103
20200128,AAPL,17:47,322.75,323.00,322.72,322.81,322.97377,14078,116
20200128,AAPL,17:48,322.99,323.00,322.81,322.94,322.95744,3491,56
20200128,AAPL,17:49,322.94,323.26,322.80,323.00,322.94268,8871,102
20200128,AAPL,17:50,322.80,323.10,322.7901,322.87,322.97131,4821,54
20200128,AAPL,17:51,322.95,323.10,322.75,322.75,322.83776,5481,65
20200128,AAPL,17:52,322.72,322.84,322.38,322.38,322.58882,8609,131
20200128,AAPL,17:53,322.40,322.49,322.24,322.34,322.34726,5141,89
20200128,AAPL,17:54,322.30,322.34,322.00,322.00,322.07867,18033,222
20200128,AAPL,17:55,321.99,322.19,321.75,321.76,321.89561,10259,127
20200128,AAPL,17:56,321.75,322.00,321.66,322.00,321.8151,5469,128
20200128,AAPL,17:57,322.00,322.24,321.88,322.00,322.04307,6461,82
20200128,AAPL,17:58,322.02,322.40,322.02,322.34,322.27252,5100,93
20200128,AAPL,17:59,322.25,322.40,322.25,322.32,322.34741,5158,71
20200128,AAPL,18:00,322.30,322.45,322.25,322.38,322.32743,4395,61
20200128,AAPL,18:01,322.38,322.88,315.9299,322.80,322.6346,12641,145
20200128,AAPL,18:02,322.49,322.80,322.29,322.31,322.51384,3718,53
20200128,AAPL,18:03,322.33,322.40,322.01,322.01,322.29679,8906,92
20200128,AAPL,18:04,322.04,322.15,321.78,321.78,321.96851,22837,141
20200128,AAPL,18:05,321.78,322.00,321.55,321.7050,321.66737,16297,118
20200128,AAPL,18:06,321.68,321.75,321.29,321.32,321.54897,11185,136
20200128,AAPL,18:07,321.32,321.50,321.27,321.49,321.39855,7818,54
20200128,AAPL,18:08,321.50,321.76,321.32,321.76,321.52363,7843,60
20200128,AAPL,18:09,321.76,321.90,321.65,321.75,321.75961,4788,70
20200128,AAPL,18:10,321.75,321.75,321.50,321.75,321.71183,8554,71
20200128,AAPL,18:11,321.75,321.86,321.70,321.74,321.76494,3302,50
20200128,AAPL,18:12,321.70,321.80,321.50,321.65,321.63869,2094,36
20200128,AAPL,18:13,321.52,321.65,321.52,321.56,321.57629,1664,33
20200128,AAPL,18:14,321.56,321.60,321.50,321.60,321.57744,2214,37
20200128,AAPL,18:15,321.57,321.60,321.50,321.55,321.55779,2879,30
20200128,AAPL,18:16,321.55,321.70,321.50,321.70,321.61916,6984,50
20200128,AAPL,18:17,321.80,321.89,321.70,321.80,321.81658,2546,23
20200128,AAPL,18:18,321.86,321.89,321.60,321.60,321.69146,4848,42
20200128,AAPL,18:19,321.70,321.82,321.45,321.70,321.59905,6598,58
20200128,AAPL,18:20,321.43,321.80,321.43,321.50,321.48842,5382,42
20200128,AAPL,18:21,321.5550,321.75,321.45,321.75,321.49641,1144,22
20200128,AAPL,18:22,321.70,321.75,321.50,321.69,321.62633,1926,31
20200128,AAPL,18:23,321.51,321.68,321.50,321.65,321.53891,1104,23
20200128,AAPL,18:24,321.50,321.59,321.2999,321.2999,321.39576,9210,72
20200128,AAPL,18:25,321.27,321.39,321.20,321.20,321.27425,13189,95
20200128,AAPL,18:26,321.20,321.29,321.12,321.28,321.21104,5284,58
20200128,AAPL,18:27,321.28,321.28,321.15,321.23,321.22659,6036,54
20200128,AAPL,18:28,321.24,321.24,321.07,321.07,321.15408,13267,76
20200128,AAPL,18:29,321.07,321.50,321.07,321.50,321.3029,18403,93
20200128,AAPL,18:30,321.11,321.49,321.07,321.27,321.29453,2268,30
20200128,AAPL,18:31,321.30,321.49,321.30,321.35,321.44178,3436,48
20200128,AAPL,18:32,321.28,321.47,321.28,321.40,321.34429,2268,29
20200128,AAPL,18:33,321.40,321.75,321.40,321.75,321.59413,7438,58
20200128,AAPL,18:34,321.74,322.16,321.70,322.16,321.96274,18528,129
20200128,AAPL,18:35,322.15,322.16,322.08,322.08,322.11505,2111,32
20200128,AAPL,18:36,322.08,322.14,322.00,322.05,322.07711,2922,30
20200128,AAPL,18:37,322.05,322.44,322.05,322.26,322.2787,6536,84
20200128,AAPL,18:38,322.24,322.49,322.15,322.30,322.23886,3613,45
20200128,AAPL,18:39,322.40,322.40,322.10,322.10,322.19471,2723,32
20200128,AAPL,18:40,322.10,322.20,321.81,321.95,322.02206,3137,40
20200128,AAPL,18:41,321.90,321.90,321.75,321.75,321.80749,880,29
20200128,AAPL,18:42,321.77,321.80,321.70,321.70,321.74857,1528,29
20200128,AAPL,18:43,321.73,321.80,321.69,321.80,321.73981,1393,30
20200128,AAPL,18:44,321.71,321.80,321.56,321.56,321.66421,1629,24
20200128,AAPL,18:45,321.70,321.70,321.56,321.60,321.57926,1965,12
20200128,AAPL,18:46,321.60,321.80,321.55,321.80,321.71564,1771,28
20200128,AAPL,18:47,321.80,321.90,321.60,321.73,321.73629,1981,30
20200128,AAPL,18:48,321.70,321.97,321.60,321.85,321.79405,3278,21
20200128,AAPL,18:49,321.85,322.10,321.85,322.10,321.99123,2738,45
20200128,AAPL,18:50,322.00,322.16,322.00,322.10,322.03482,1576,18
20200128,AAPL,18:51,322.00,322.16,322.00,322.16,322.14027,4434,24
20200128,AAPL,18:52,322.16,322.16,321.96,321.96,322.01098,2139,43
20200128,AAPL,18:53,322.00,322.05,321.75,321.97,321.95328,914,16
20200128,AAPL,18:54,321.96,322.00,321.96,322.00,321.97303,2686,13
20200128,AAPL,18:55,321.90,321.97,321.85,321.95,321.92794,645,15
20200128,AAPL,18:56,321.85,321.97,321.85,321.90,321.91061,493,13
20200128,AAPL,18:57,321.90,321.95,321.85,321.95,321.88128,1197,20
20200128,AAPL,18:58,321.90,321.95,321.90,321.90,321.9077,1164,16
20200128,AAPL,18:59,321.90,321.90,321.80,321.80,321.85448,1954,37
20200128,AAPL,19:00,321.85,321.88,321.62,321.62,321.84469,4927,27
20200128,AAPL,19:01,321.87,321.87,321.62,321.7401,321.81242,1122,14
20200128,AAPL,19:02,321.76,321.87,321.75,321.84,321.79402,978,16
20200128,AAPL,19:03,321.84,321.94,321.84,321.94,321.88568,901,13
20200128,AAPL,19:04,321.85,322.00,321.71,321.71,321.86932,10242,51
20200128,AAPL,19:05,321.93,322.01,321.85,321.94,321.94814,1004,19
20200128,AAPL,19:06,321.89,322.04,321.85,321.94,321.90398,1222,16
20200128,AAPL,19:07,321.90,322.00,321.81,321.85,321.927,1085,23
20200128,AAPL,19:08,321.80,321.90,321.80,321.88,321.86309,246,5
20200128,AAPL,19:09,321.85,321.87,321.75,321.85,321.81478,640,19
20200128,AAPL,19:10,321.80,321.90,321.80,321.88,321.85269,1031,14
20200128,AAPL,19:11,321.85,321.90,321.70,321.70,321.85147,2060,24
20200128,AAPL,19:12,321.75,321.80,321.75,321.75,321.79416,851,8
20200128,AAPL,19:13,321.77,321.77,321.65,321.74,321.71227,1591,28
20200128,AAPL,19:14,321.65,321.75,321.61,321.65,321.66607,1793,26
20200128,AAPL,19:15,321.62,321.80,321.61,321.80,321.67521,3629,25
20200128,AAPL,19:16,321.80,321.85,321.80,321.80,321.80072,348,9
20200128,AAPL,19:17,321.89,321.89,321.83,321.83,321.88185,1061,6
20200128,AAPL,19:18,321.83,321.90,321.83,321.89,321.88459,2033,18
20200128,AAPL,19:19,321.90,321.90,321.80,321.88,321.88922,281,10
20200128,AAPL,19:20,321.87,321.8899,321.80,321.8899,321.85844,1134,16
20200128,AAPL,19:21,321.89,321.89,321.80,321.86,321.87275,905,14
20200128,AAPL,19:22,321.87,321.89,321.80,321.80,321.82764,1019,14
20200128,AAPL,19:23,321.80,321.88,321.62,321.65,321.70515,2429,33
20200128,AAPL,19:24,321.65,321.72,321.61,321.65,321.64441,3119,22
20200128,AAPL,19:25,321.65,321.75,321.65,321.70,321.67469,810,9
20200128,AAPL,19:26,321.70,321.75,321.66,321.66,321.70018,874,13
20200128,AAPL,19:27,321.65,321.75,321.65,321.75,321.69901,2480,13
20200128,AAPL,19:28,321.71,321.80,321.71,321.80,321.74994,1906,12
20200128,AAPL,19:29,321.80,321.80,321.62,321.70,321.71082,2292,26
20200128,AAPL,19:30,321.70,321.70,321.61,321.69,321.62792,5475,29
20200128,AAPL,19:31,321.69,321.70,321.61,321.61,321.65315,978,19
20200128,AAPL,19:32,321.70,321.70,321.60,321.65,321.62903,781,15
20200128,AAPL,19:33,321.72,321.72,321.65,321.72,321.70126,521,15
20200128,AAPL,19:34,321.70,321.75,321.61,321.61,321.67344,2566,31
20200128,AAPL,19:35,321.70,321.71,321.61,321.65,321.66112,2204,23
20200128,AAPL,19:36,321.65,321.65,321.63,321.65,321.64278,666,11
20200128,AAPL,19:37,321.71,321.72,321.61,321.64,321.67916,1576,28
20200128,AAPL,19:38,321.64,321.65,321.61,321.62,321.62175,1425,29
20200128,AAPL,19:39,321.65,321.70,321.65,321.70,321.69348,2821,10
20200128,AAPL,19:40,321.70,321.74,321.66,321.72,321.70164,2200,19
20200128,AAPL,19:41,321.72,321.90,321.72,321.90,321.77989,3372,32
20200128,AAPL,19:42,321.85,322.09,321.85,322.05,321.94907,3983,39
20200128,AAPL,19:43,322.10,322.11,322.01,322.07,322.05882,2158,27
20200128,AAPL,19:44,322.05,322.20,322.05,322.20,322.15885,1921,25
20200128,AAPL,19:45,322.20,322.34,322.16,322.34,322.26409,2713,38
20200128,AAPL,19:46,322.25,322.33,322.20,322.20,322.25363,2920,39
20200128,AAPL,19:47,322.32,322.32,322.20,322.25,322.24177,790,21
20200128,AAPL,19:48,322.28,322.31,322.22,322.31,322.28574,2216,27
20200128,AAPL,19:49,322.31,322.39,322.29,322.39,322.33249,2875,38
20200128,AAPL,19:50,322.39,322.49,322.32,322.43,322.43562,5500,53
20200128,AAPL,19:51,322.45,322.46,322.36,322.46,322.44694,3533,28
20200128,AAPL,19:52,322.46,322.49,322.40,322.45,322.45706,4059,42
20200128,AAPL,19:53,322.45,322.49,322.40,322.47,322.44191,3425,45
20200128,AAPL,19:54,322.42,322.55,322.40,322.5050,322.48475,5077,46
20200128,AAPL,19:55,322.49,322.55,322.40,322.40,322.46887,5500,56
20200128,AAPL,19:56,322.46,322.50,322.32,322.32,322.4204,5503,52
20200128,AAPL,19:57,322.32,322.50,322.25,322.32,322.36762,2589,39
20200128,AAPL,19:58,322.35,322.54,322.29,322.50,322.41442,6638,70
20200128,AAPL,19:59,322.50,322.59,322.50,322.50,322.53819,6401,63
